2020,3,2020-03-28 08:48:22.441+0000,initial version,,0.0,0
2020,3,2020-03-28 08:48:24.904+0000,base version of schema,4ff73a5380561c532a1a8dbe58c231b0,0.1,0.0
2020,3,2020-03-28 08:48:26.676+0000,add workflow_timeout and buffered_events_list to mutable state,cd26b94747311302a1b896983e7e62c2,0.2,0.1
2020,3,2020-03-28 08:48:27.791+0000,"add client_library_version, client_feature_version, client_impl to mutable state",cf0bb96c399d3509821f01c451b0ac79,0.3,0.2
2020,3,2020-03-28 08:48:28.362+0000,"add signal_decision to mutable state, add kind to taskList",3c7be5cefaae24f0d704908492052a8b,0.4,0.3
2020,3,2020-03-28 08:48:30.350+0000,"add cross DC domain replication config, add target child workflow only to transfer task, add cross DC domain config verion, as a sequency ID to prevent out of order domain update, add flag indicating whether a domain is a global domain",f1c53ec844dafce5895d1ecc048aca11,0.5,0.4
2020,3,2020-03-28 08:48:31.876+0000,"Persistence support for replication of workflow execution, add cross DC shard attr cluster_transfer_ack_level and cluster_timer_ack_level",add25eb28f5c01712985eb3ac7aaca2e,0.6,0.5
2020,3,2020-03-28 08:48:36.986+0000,"Support buffering for replication tasks within mutable state, add retry policy. Add version to transfer / timer task, as well as activity, user timer, decision, child workflow, cancellatioon and signal mutable state attrs.",69af9164c633a7916a305aff4f16b23d,0.7,0.6
2020,3,2020-03-28 08:48:37.452+0000,Support reliable domain change notification.,dfcb02eda5c40cf8253c3405ab79670a,0.8,0.7
2020,3,2020-03-28 08:48:38.142+0000,"Support domain customized key-value data, adding timestamp to transfer task.",81cf45292b0e9eafc82b39e052e2d117,0.9,0.8
2020,3,2020-03-28 08:48:38.589+0000,"Adding batch event verion to events table, alter execution table to have workflow state and last write version",14c497ae4fbb86e6de17d31af1a1aae3,0.10,0.9
2020,3,2020-03-28 08:48:41.370+0000,"Mutable state support for server-side retries, history size, and event encoding for mutableState",9f331ccb278c29e5890593d7bc71e5dc,0.11,0.10
2020,3,2020-03-28 08:48:45.966+0000,"Support history events v2, system workflow domain bootstrap, add archival config to domain config",906bcb99affb6af5181c81185f90ab6d,0.12,0.11
2020,3,2020-03-28 08:48:47.992+0000,Support workflow reset.  Move history events out of mutable state.,1d2fbab209c0a03f8debf83572b061fe,0.13,0.12
2020,3,2020-03-28 08:48:49.277+0000,Added params to tasklist type to enable task_list deletions,8a44eb2f110ec9325c01279685acc0b7,0.14,0.13
2020,3,2020-03-28 08:48:51.120+0000,Added schema for auto-reset,b8a3092b8ca38dfb0c6ce0dfa501230c,0.15,0.14
2020,3,2020-03-28 08:48:51.303+0000,Added schema for decision_scheduled_timestamp,90594a3c4fecddd62f2cd321f0fab84a,0.16,0.15
2020,3,2020-03-28 08:48:51.716+0000,Added search attributes to execution,9ab3a26a35dea090257b479c080870cf,0.17,0.16
2020,3,2020-03-28 08:48:52.088+0000,Added last_failure_reason and last_worker_identity to activity_info,64234ee8d9dd1edcad81729c0b1ce5e4,0.18,0.17
2020,3,2020-03-28 08:48:53.675+0000,Added archival related domain config to enable archiver interface,633420c436d9730abb84036a319b998b,0.19,0.18
2020,3,2020-03-28 08:48:53.924+0000,Add memo to mutable state,70c16d054c4020e4445791b47ae31f4e,0.20,0.19
2020,3,2020-03-28 08:48:54.114+0000,Add decision original scheduled timestamp,7bd1b1183fe4b8a6ad89cd6256912242,0.21,0.20
2020,3,2020-03-28 08:48:54.981+0000,Add per cluster replication level (last replicated task_id) to shard info and last failure details to activity info,07d8bacf00ad598dc4550d88f880acab,0.22,0.21
