2020,3,2020-03-28 08:48:55.426+0000,initial version,,0.0,0
2020,3,2020-03-28 08:48:56.721+0000,base version of visibility schema,086a942374c55b3c16d664483011937d,0.1,0.0
2020,3,2020-03-28 08:48:56.814+0000,lower gc_grace_seconds and tweak compaction for open_executions table,bd734093e831998a2037a0b43df4a2ce,0.2,0.1
2020,3,2020-03-28 08:48:57.539+0000,change close_executions to order by close_time instead of start_time,0522a4a76f97f6949eb86753648b7f9d,0.3,0.2
2020,3,2020-03-28 08:48:58.664+0000,add execution_time field to visibility; add non-searchable field to visibility,de718fabba62c01559a3b338873c09a4,0.4,0.3
